source_organisation,amountUSD,flow,destination_organisation
"United States of America, Government of",259830045,incoming,World Food Programme
"United States of America, Government of",245000000,incoming,empty
"United States of America, Government of",189978217,incoming,World Food Programme
World Food Programme,99580140,internal,World Food Programme
"United States of America, Government of",78800000,incoming,United Nations High Commissioner for Refugees
European Commission's Humanitarian Aid and Civil Protection Department,64700000,incoming,UN Agencies;Red Cross Organizations;NGOs
"Japan, Government of",61320000,incoming,empty
World Food Programme,55866224,internal,World Food Programme
World Food Programme,49216073,internal,World Food Programme
empty,46248368,internal,Catholic Relief Services
"United States of America, Government of",40100000,incoming,International Committee of the Red Cross
empty,34518455,incoming,World Food Programme
World Food Programme,22721352,incoming,World Food Programme
World Food Programme,22478546,incoming,World Food Programme
"United Kingdom , Government of",21538462,incoming,World Food Programme
World Food Programme,20938742,incoming,World Food Programme
"United Kingdom , Government of",20362050,incoming,South Sudan CHF
Common Humanitarian Fund,20226872,incoming,South Sudan CHF
UN Agencies;Red Cross Organizations;NGOs,20134228,internal,International Committee of the Red Cross
"Norway, Government of",20000000,incoming,empty
World Food Programme,19856315,internal,World Food Programme
"Switzerland, Government of",19400000,incoming,empty
"United Kingdom , Government of",17991004,incoming,World Food Programme
World Food Programme,17111282,incoming,World Food Programme
"Canada, Government of",16915815,incoming,World Food Programme
"Germany, Government of",16835017,incoming,World Food Programme
"United Kingdom , Government of",16819572,incoming,World Food Programme
UN Agencies;Red Cross Organizations;NGOs,15900318,internal,World Food Programme
"United Kingdom , Government of",15267176,incoming,South Sudan CHF
World Food Programme,15129101,internal,World Food Programme
"Netherlands, Government of",15100000,incoming,empty
World Food Programme,14766001,incoming,World Food Programme
"Sweden, Government of",14600000,incoming,empty
"United Kingdom , Government of",13846154,incoming,International Committee of the Red Cross
"United States of America, Government of",12400000,incoming,World Food Programme
empty,11500000,internal,United Nations High Commissioner for Refugees
UN Agencies;Red Cross Organizations;NGOs,10604454,internal,World Food Programme
"United Kingdom , Government of",10214067,incoming,United Nations Children's Fund
"United Kingdom , Government of",10188088,incoming,Food & Agriculture Organization of the United Nations
Various Donor,9800000,incoming,International Organization for Migration
Various Donor,9800000,incoming,International Organization for Migration
Various Donor,9600000,internal,United Nations High Commissioner for Refugees
Various Donor,9244992,incoming,International Committee of the Red Cross
Various Donor,9244992,incoming,International Committee of the Red Cross
Various Donor,9230769,incoming,South Sudan CHF
Various Donor,9230769,incoming,South Sudan CHF
Various Donor,8801614,incoming,United Nations High Commissioner for Refugees
Various Donor,8801614,incoming,United Nations High Commissioner for Refugees
Various Donor,8785347,internal,World Food Programme
Various Donor,7851632,incoming,Catholic Relief Services
Various Donor,7851632,incoming,Catholic Relief Services
Various Donor,7675439,internal,World Food Programme
Various Donor,7645260,incoming,South Sudan CHF
Various Donor,7645260,incoming,South Sudan CHF
Various Donor,7474693,internal,World Food Programme
Various Donor,7396450,incoming,Concern Worldwide
Various Donor,7396450,incoming,Concern Worldwide
Various Donor,7186544,incoming,International Committee of the Red Cross
Various Donor,7186544,incoming,International Committee of the Red Cross
Various Donor,7148260,internal,South Sudan CHF
Various Donor,7062147,internal,Food & Agriculture Organization of the United Nations
Various Donor,7000000,incoming,World Food Programme
Various Donor,7000000,incoming,World Food Programme
Various Donor,6398917,incoming,South Sudan CHF
Various Donor,6398917,incoming,South Sudan CHF
Various Donor,5899918,incoming,World Food Programme
Various Donor,5600000,internal,Food & Agriculture Organization of the United Nations
Various Donor,5464481,incoming,World Food Programme
Various Donor,5464481,incoming,World Food Programme
Various Donor,5422988,incoming,United Nations Children's Fund
Various Donor,5422988,incoming,United Nations Children's Fund
Various Donor,5346500,internal,South Sudan CHF
Various Donor,5082685,incoming,South Sudan CHF
Various Donor,5082685,incoming,South Sudan CHF
Various Donor,5000000,internal,Food & Agriculture Organization of the United Nations
Various Donor,5000000,internal,World Food Programme
Various Donor,5000000,internal,Japan Platform
Various Donor,5000000,incoming,International Organization for Migration
Various Donor,5000000,incoming,World Food Programme
Various Donor,5000000,incoming,empty
Various Donor,5000000,incoming,International Organization for Migration
Various Donor,5000000,incoming,World Food Programme
Various Donor,5000000,incoming,empty
Various Donor,4849700,incoming,Mentor Initiative
Various Donor,4849700,incoming,Mentor Initiative
Various Donor,4800000,internal,United Nations Development Programme
Various Donor,4705000,internal,International Organization for Migration
Various Donor,4542252,incoming,CARE International
Various Donor,4437870,incoming,World Food Programme
Various Donor,4437870,incoming,World Food Programme
Various Donor,4410008,incoming,World Food Programme
Various Donor,4410008,incoming,World Food Programme
Various Donor,4398521,incoming,World Food Programme
Various Donor,4398521,incoming,World Food Programme
Various Donor,4369058,internal,International Organization for Migration
Various Donor,4333694,internal,SolidaritÃ©s International
Various Donor,4250000,internal,International Committee of the Red Cross
Various Donor,4136545,incoming,International Rescue Committee
Various Donor,4136545,incoming,International Rescue Committee
Various Donor,4115226,incoming,International Committee of the Red Cross
Various Donor,4115226,incoming,International Committee of the Red Cross
Various Donor,4100000,internal,United Nations Operation Programme Support
Various Donor,4100000,incoming,United Nations Office for Project Services
Various Donor,4100000,incoming,United Nations Office for Project Services
Various Donor,4096521,incoming,Agency for Technical Cooperation and Development
Various Donor,4061171,incoming,World Vision South Sudan
Various Donor,4052685,internal,International Committee of the Red Cross
Various Donor,4027182,incoming,Mercy Corps 
Various Donor,4027182,incoming,Mercy Corps 
Various Donor,4000000,internal,World Food Programme
Various Donor,3945002,incoming,World Relief
Various Donor,3900000,internal,International Organization for Migration
Various Donor,3883106,incoming,International Committee of the Red Cross
Various Donor,3883106,incoming,International Committee of the Red Cross
Various Donor,3500000,internal,UN Women
Various Donor,3500000,incoming,United Nations Children's Fund
Various Donor,3500000,incoming,United Nations Children's Fund
Various Donor,3483511,incoming,International Committee of the Red Cross
Various Donor,3483511,incoming,International Committee of the Red Cross
Various Donor,3300000,incoming,International Organization for Migration
Various Donor,3300000,incoming,International Organization for Migration
Various Donor,3267974,incoming,United Nations Children's Fund
Various Donor,3267974,incoming,United Nations Children's Fund
Various Donor,3255570,incoming,South Sudan CHF
Various Donor,3255570,incoming,South Sudan CHF
Various Donor,3250000,internal,World Food Programme
Various Donor,3202562,incoming,World Vision South Sudan
Various Donor,3202562,incoming,World Vision South Sudan
Various Donor,3183399,incoming,United Nations Mine Action Service
Various Donor,3183399,incoming,United Nations Mine Action Service
Various Donor,3097487,incoming,GOAL
Various Donor,3097487,incoming,GOAL
Various Donor,3091380,incoming,International Organization for Migration
Various Donor,3091380,incoming,International Organization for Migration
Various Donor,3076923,incoming,Food & Agriculture Organization of the United Nations
Various Donor,3076923,incoming,Food & Agriculture Organization of the United Nations
Various Donor,3058104,incoming,World Food Programme
Various Donor,3058104,incoming,World Food Programme
Various Donor,3021148,incoming,World Food Programme
Various Donor,3021148,incoming,World Food Programme
Various Donor,3018422,incoming,Samaritan's Purse
Various Donor,3018422,incoming,Samaritan's Purse
Various Donor,3000000,internal,World Food Programme
Various Donor,3000000,internal,International Medical Corps UK
Various Donor,3000000,internal,International Medical Corps UK
Various Donor,3000000,incoming,Save the Children 
Various Donor,3000000,incoming,World Food Programme
Various Donor,3000000,incoming,Save the Children 
Various Donor,3000000,incoming,World Food Programme
Various Donor,2985306,incoming,South Sudan CHF
Various Donor,2985306,incoming,South Sudan CHF
Various Donor,2958580,incoming,World Food Programme
Various Donor,2958580,incoming,World Food Programme
Various Donor,2953559,incoming,Johanniter Unfallhilfe e.V.
Various Donor,2953559,incoming,Johanniter Unfallhilfe e.V.
Various Donor,2900000,internal,International Organization for Migration
Various Donor,2897344,incoming,Mercy Corps 
Various Donor,2897344,incoming,Mercy Corps 
Various Donor,2892699,incoming,World Food Programme
Various Donor,2853787,incoming,MEDAIR
Various Donor,2853787,incoming,MEDAIR
Various Donor,2836998,incoming,United Nations Children's Fund
Various Donor,2836998,incoming,United Nations Children's Fund
Various Donor,2800000,internal,SolidaritÃ©s International
Various Donor,2796421,internal,MÃ©decins sans FrontiÃ¨res - Netherlands
Various Donor,2784000,internal,United Nations Children's Fund
Various Donor,2782200,incoming,Concern Worldwide
Various Donor,2758621,incoming,Norwegian Refugee Council
Various Donor,2758621,incoming,Norwegian Refugee Council
Various Donor,2713704,incoming,Concern Worldwide
Various Donor,2713704,incoming,Concern Worldwide
Various Donor,2708559,internal,MÃ©decins sans FrontiÃ¨res - Belgium
Various Donor,2673933,incoming,MEDAIR
Various Donor,2651113,internal,United Nations High Commissioner for Refugees
Various Donor,2600000,incoming,World Vision South Sudan
Various Donor,2592000,internal,United Nations Children's Fund
Various Donor,2583530,internal,Catholic Relief Services
Various Donor,2582288,incoming,World Food Programme
Various Donor,2582288,incoming,World Food Programme
Various Donor,2553811,incoming,Food & Agriculture Organization of the United Nations
Various Donor,2553811,incoming,Food & Agriculture Organization of the United Nations
Various Donor,2530248,incoming,OXFAM GB
Various Donor,2530248,incoming,OXFAM GB
Various Donor,2500002,internal,International Organization for Migration
Various Donor,2500000,internal,United Nations Children's Fund
Various Donor,2500000,internal,United Nations Mine Action Service
Various Donor,2500000,internal,United Nations Children's Fund
Various Donor,2474425,internal,Concern Worldwide
Various Donor,2426765,internal,Private (individuals & organisations)
Various Donor,2401922,incoming,MÃ©decins sans FrontiÃ¨res - Canada
Various Donor,2401922,incoming,MÃ©decins sans FrontiÃ¨res - Canada
Various Donor,2400000,internal,United Nations Human Settlements Programme (UN-HABITAT)
Various Donor,2333333,incoming,International Rescue Committee
Various Donor,2333333,incoming,International Rescue Committee
Various Donor,2313279,incoming,South Sudan CHF
Various Donor,2313279,incoming,South Sudan CHF
Various Donor,2300000,incoming,ACF - USA
Various Donor,2300000,incoming,ACF - USA
Various Donor,2244669,incoming,International Committee of the Red Cross
Various Donor,2244669,incoming,International Committee of the Red Cross
Various Donor,2212389,incoming,Norwegian Refugee Council
Various Donor,2212389,internal,OXFAM GB
Various Donor,2212389,incoming,South Sudan CHF
Various Donor,2212389,incoming,South Sudan CHF
Various Donor,2205832,incoming,South Sudan CHF
Various Donor,2205832,incoming,South Sudan CHF
Various Donor,2186594,incoming,Concern Worldwide
Various Donor,2186594,incoming,Concern Worldwide
Various Donor,2185228,internal,Catholic Relief Services
Various Donor,2173913,internal,World Food Programme
Various Donor,2171464,incoming,United Nations Children's Fund
Various Donor,2171464,incoming,United Nations Children's Fund
Various Donor,2166847,internal,World Food Programme
Various Donor,2166847,internal,World Food Programme
Various Donor,2166847,incoming,International Committee of the Red Cross
Various Donor,2166847,incoming,World Food Programme
Various Donor,2166847,incoming,International Committee of the Red Cross
Various Donor,2166847,incoming,World Food Programme
Various Donor,2140000,incoming,World Food Programme
Various Donor,2140000,incoming,World Food Programme
Various Donor,2120891,incoming,World Food Programme
Various Donor,2120891,incoming,World Food Programme
Various Donor,2116402,incoming,World Food Programme
Various Donor,2116402,incoming,World Food Programme
Various Donor,2057613,incoming,World Food Programme
Various Donor,2057613,incoming,World Food Programme
Various Donor,2040400,internal,United Nations Population Fund
Various Donor,2031635,incoming,ACT Alliance / DanChurchAid
Various Donor,2031635,incoming,ACT Alliance / DanChurchAid
Various Donor,2017676,incoming,International Rescue Committee
Various Donor,2017676,incoming,International Rescue Committee
Various Donor,2009720,internal,International Organization for Migration
Various Donor,2002503,internal,Oxfam Intermon
Various Donor,2000000,internal,International Organization for Migration
Various Donor,2000000,internal,World Health Organization
Various Donor,1996161,internal,World Food Programme
Various Donor,1991743,internal,United Nations Children's Fund
Various Donor,1981707,internal,MEDAIR
Various Donor,1956574,internal,United Nations Children's Fund
Various Donor,1910585,incoming,ACT Alliance / Norwegian Church Aid
Various Donor,1910585,incoming,ACT Alliance / Norwegian Church Aid
Various Donor,1907969,internal,PremiÃ¨re Urgence - Aide MÃ©dicale Internationale
Various Donor,1903396,internal,Agency for Technical Cooperation and Development
Various Donor,1886366,incoming,TEARFUND
Various Donor,1886366,incoming,TEARFUND
Various Donor,1875000,incoming,Save the Children 
Various Donor,1875000,incoming,Save the Children 
Various Donor,1870338,incoming,United Nations Children's Fund
Various Donor,1870338,incoming,United Nations Children's Fund
Various Donor,1855013,incoming,United Nations Children's Fund
Various Donor,1855013,incoming,United Nations Children's Fund
Various Donor,1838814,internal,International Organization for Migration
Various Donor,1826619,incoming,United Nations Office for Project Services
Various Donor,1826619,incoming,United Nations Office for Project Services
Various Donor,1819187,internal,United Nations High Commissioner for Refugees
Various Donor,1813320,incoming,United Nations Children's Fund
Various Donor,1813320,incoming,United Nations Children's Fund
Various Donor,1803752,internal,World Food Programme
Various Donor,1800001,internal,United Nations Children's Fund
Various Donor,1800000,internal,United Nations Children's Fund
Various Donor,1800000,incoming,United Nations Children's Fund
Various Donor,1800000,incoming,United Nations Children's Fund
Various Donor,1800000,incoming,United Nations Children's Fund
Various Donor,1800000,incoming,United Nations Children's Fund
Various Donor,1741756,internal,MÃ©decins sans FrontiÃ¨res
Various Donor,1728395,internal,International Medical Corps UK
Various Donor,1700000,incoming,Save the Children 
Various Donor,1700000,incoming,Save the Children 
Various Donor,1687289,internal,International Organization for Migration
Various Donor,1683502,internal,NGOs (details not yet provided)
Various Donor,1682746,internal,Polish Humanitarian Action
Various Donor,1657638,incoming,HelpAge International
Various Donor,1657638,incoming,HelpAge International
Various Donor,1650000,internal,World Health Organization
Various Donor,1650000,incoming,International Organization for Migration
Various Donor,1650000,incoming,International Organization for Migration
Various Donor,1625136,internal,World Food Programme
Various Donor,1589912,incoming,"Republic of South Sudan, Government of"
Various Donor,1589912,incoming,"Republic of South Sudan, Government of"
Various Donor,1573564,incoming,United Nations High Commissioner for Refugees
Various Donor,1573564,incoming,United Nations High Commissioner for Refugees
Various Donor,1572382,internal,World Food Programme
Various Donor,1563252,internal,United Nations High Commissioner for Refugees
Various Donor,1555200,internal,United Nations Children's Fund
Various Donor,1538462,incoming,United Nations High Commissioner for Refugees
Various Donor,1538462,incoming,United Nations High Commissioner for Refugees
Various Donor,1532689,incoming,International Organization for Migration
Various Donor,1532689,incoming,International Organization for Migration
Various Donor,1530791,internal,United Nations Children's Fund
Various Donor,1528721,incoming,Concern Worldwide
Various Donor,1528721,incoming,Concern Worldwide
Various Donor,1524390,internal,MEDAIR
Various Donor,1522620,incoming,International Organization for Migration
Various Donor,1522620,incoming,International Organization for Migration
Various Donor,1522070,incoming,United Nations Children's Fund
Various Donor,1522070,incoming,United Nations Children's Fund
Various Donor,1520952,incoming,Concern Worldwide
Various Donor,1520952,incoming,Concern Worldwide
Various Donor,1509636,incoming,United Nations Children's Fund
Various Donor,1509636,incoming,United Nations Children's Fund
Various Donor,1500849,internal,United Nations Children's Fund
Various Donor,1500000,internal,United Nations Office for Project Services
Various Donor,1500000,incoming,Danish Refugee Council
Various Donor,1500000,incoming,ACT Alliance / Lutheran World Relief
Various Donor,1500000,incoming,Danish Refugee Council
Various Donor,1500000,incoming,ACT Alliance / Lutheran World Relief
Various Donor,1495000,internal,ACF - Spain
Various Donor,1480040,internal,United Nations Children's Fund
Various Donor,1460280,incoming,Food & Agriculture Organization of the United Nations
Various Donor,1460280,incoming,Food & Agriculture Organization of the United Nations
Various Donor,1458595,incoming,American Refugee Committee
Various Donor,1458595,incoming,American Refugee Committee
Various Donor,1451678,incoming,United Nations High Commissioner for Refugees
Various Donor,1451678,incoming,United Nations High Commissioner for Refugees
Various Donor,1441600,internal,World Food Programme
Various Donor,1409271,incoming,GOAL
Various Donor,1409073,internal,International Rescue Committee
Various Donor,1403228,internal,Interchurch Medical Assistance World Health
Various Donor,1400000,internal,International Organization for Migration
Various Donor,1400000,incoming,International Organization for Migration
Various Donor,1400000,incoming,International Organization for Migration
Various Donor,1386645,internal,Office for the Coordination of Humanitarian Affairs
Various Donor,1384308,incoming,VÃ©tÃ©rinaires sans FrontiÃ¨res (Switzerland)
Various Donor,1366667,incoming,United Nations Children's Fund
Various Donor,1366667,incoming,United Nations Children's Fund
Various Donor,1366202,incoming,Samaritan's Purse
Various Donor,1361089,incoming,World Relief
Various Donor,1361089,incoming,World Relief
Various Donor,1361000,incoming,ACT Alliance / Lutheran World Federation
Various Donor,1360800,internal,United Nations Children's Fund
Various Donor,1351946,incoming,Agency for Technical Cooperation and Development
Various Donor,1351946,incoming,Agency for Technical Cooperation and Development
Various Donor,1343874,incoming,TEARFUND
Various Donor,1335026,internal,United Nations Office for Project Services
Various Donor,1322401,internal,International Committee of the Red Cross
Various Donor,1300000,incoming,Samaritan's Purse
Various Donor,1300000,internal,International Organization for Migration
Various Donor,1300000,internal,International Organization for Migration
Various Donor,1300000,incoming,International Organization for Migration
Various Donor,1300000,incoming,International Organization for Migration
Various Donor,1284000,incoming,World Food Programme
Various Donor,1283049,internal,International Organization for Migration
Various Donor,1275848,incoming,Mercy Corps 
Various Donor,1275848,incoming,Mercy Corps 
Various Donor,1271902,internal,OXFAM GB
Various Donor,1268394,incoming,Concern Worldwide
Various Donor,1260582,incoming,United Nations High Commissioner for Refugees
Various Donor,1260582,incoming,United Nations High Commissioner for Refugees
Various Donor,1239000,incoming,Save the Children 
Various Donor,1239000,incoming,Save the Children 
Various Donor,1239000,incoming,Save the Children 
Various Donor,1239000,incoming,Save the Children 
Various Donor,1232392,incoming,International Organization for Migration
Various Donor,1230082,incoming,MEDAIR
Various Donor,1230082,incoming,MEDAIR
Various Donor,1210435,incoming,United Nations Children's Fund
Various Donor,1210435,incoming,United Nations Children's Fund
Various Donor,1200000,internal,United Nations Children's Fund
Various Donor,1200000,internal,United Nations Children's Fund
Various Donor,1200000,internal,United Nations Development Programme
Various Donor,1189061,incoming,Norwegian Refugee Council
Various Donor,1189061,incoming,Norwegian Refugee Council
Various Donor,1187183,incoming,World Food Programme
Various Donor,1182097,internal,International Rescue Committee
Various Donor,1172299,internal,MEDAIR
Various Donor,1171475,incoming,Danish Red Cross
Various Donor,1171475,incoming,Danish Red Cross
Various Donor,1167232,internal,United Nations Children's Fund
Various Donor,1167134,internal,World Food Programme
Various Donor,1162926,incoming,Norwegian Refugee Council
Various Donor,1162926,incoming,Norwegian Refugee Council
Various Donor,1151689,incoming,United Nations Population Fund
Various Donor,1147993,incoming,empty
Various Donor,1147993,incoming,empty
Various Donor,1146341,incoming,Concern Worldwide
Various Donor,1146341,incoming,Concern Worldwide
Various Donor,1122334,incoming,International Committee of the Red Cross
Various Donor,1122334,incoming,United Nations High Commissioner for Refugees
Various Donor,1122334,incoming,International Committee of the Red Cross
Various Donor,1122334,incoming,United Nations High Commissioner for Refugees
Various Donor,1118569,incoming,United Nations High Commissioner for Refugees
Various Donor,1118569,incoming,United Nations High Commissioner for Refugees
Various Donor,1118568,internal,World Health Organization
Various Donor,1118568,outgoing,United Nations High Commissioner for Refugees
Various Donor,1105003,internal,World Food Programme
Various Donor,1101600,internal,United Nations Children's Fund
Various Donor,1100000,internal,Office for the Coordination of Humanitarian Affairs
Various Donor,1100000,incoming,International Organization for Migration
Various Donor,1100000,incoming,International Organization for Migration
Various Donor,1099706,internal,International Organization for Migration
Various Donor,1096491,internal,United Nations Children's Fund
Various Donor,1091580,incoming,South Sudan CHF
Various Donor,1091580,incoming,South Sudan CHF
Various Donor,1089602,incoming,World Vision International
Various Donor,1089602,incoming,World Vision International
Various Donor,1089325,internal,Office for the Coordination of Humanitarian Affairs
Various Donor,1086957,outgoing,World Food Programme
Various Donor,1086957,outgoing,United Nations High Commissioner for Refugees
Various Donor,1085000,incoming,International Medical Corps UK
Various Donor,1085000,incoming,International Medical Corps UK
Various Donor,1083424,internal,World Food Programme
Various Donor,1083424,internal,MÃ©decins sans FrontiÃ¨res
Various Donor,1065449,incoming,United Nations Children's Fund
Various Donor,1065449,incoming,United Nations Children's Fund
Various Donor,1064476,incoming,TEARFUND
Various Donor,1064476,incoming,TEARFUND
Various Donor,1058268,incoming,CARE International
Various Donor,1058268,incoming,CARE International
Various Donor,1048057,incoming,World Food Programme
Various Donor,1037219,internal,World Food Programme
Various Donor,1035419,internal,International Rescue Committee
Various Donor,1033333,incoming,United Nations Children's Fund
Various Donor,1033333,incoming,United Nations Children's Fund
Various Donor,1028278,incoming,Swedish Civil Contingencies Agency (MSB)
Various Donor,1028278,incoming,Swedish Civil Contingencies Agency (MSB)
Various Donor,1025881,internal,World Relief
Various Donor,1025762,incoming,MEDAIR
Various Donor,1025762,incoming,MEDAIR
Various Donor,1023751,incoming,ACT Alliance / DanChurchAid
Various Donor,1023751,incoming,ACT Alliance / DanChurchAid
Various Donor,1023564,internal,United Nations Children's Fund
Various Donor,1020954,incoming,ACT Alliance / DanChurchAid
Various Donor,1017639,internal,Concern Worldwide
Various Donor,1014687,incoming,South Sudan CHF
Various Donor,1014687,incoming,South Sudan CHF
Various Donor,1014131,incoming,Search for Common Ground
Various Donor,1010138,internal,United Nations High Commissioner for Refugees
Various Donor,1010101,incoming,International Organization for Migration
Various Donor,1010101,incoming,International Organization for Migration
Various Donor,1003054,incoming,Agency for Technical Cooperation and Development
Various Donor,1003054,incoming,Agency for Technical Cooperation and Development
Various Donor,1000667,incoming,World Food Programme
Various Donor,1000667,incoming,World Food Programme
Various Donor,1000002,incoming,International Organization for Migration
Various Donor,1000002,incoming,International Organization for Migration
Various Donor,1000000,internal,United Nations Children's Fund
Various Donor,1000000,internal,United Nations Children's Fund
Various Donor,1000000,internal,Office for the Coordination of Humanitarian Affairs
Various Donor,1000000,internal,Food & Agriculture Organization of the United Nations
Various Donor,1000000,incoming,World Food Programme
Various Donor,1000000,incoming,Save the Children 
Various Donor,1000000,incoming,World Food Programme
Various Donor,1000000,incoming,Office for the Coordination of Humanitarian Affairs
Various Donor,1000000,incoming,VÃ©tÃ©rinaires sans FrontiÃ¨res (Switzerland)
Various Donor,1000000,incoming,United Nations Children's Fund
Various Donor,1000000,incoming,World Food Programme
Various Donor,1000000,incoming,Save the Children 
Various Donor,1000000,incoming,World Food Programme
Various Donor,1000000,incoming,Office for the Coordination of Humanitarian Affairs
Various Donor,1000000,incoming,VÃ©tÃ©rinaires sans FrontiÃ¨res (Switzerland)
Various Donor,1000000,incoming,United Nations Children's Fund
Various Donor,992303,incoming,Save the Children 
Various Donor,992303,incoming,Save the Children 
Various Donor,992092,incoming,World Food Programme
Various Donor,992092,incoming,World Food Programme
Various Donor,988142,incoming,Deutsche Welthungerhilfe e.V. (German Agro Action)
Various Donor,977980,incoming,MÃ©decins sans FrontiÃ¨res
Various Donor,977980,incoming,MÃ©decins sans FrontiÃ¨res
Various Donor,968084,incoming,Peace Winds Japan
Various Donor,968084,incoming,Peace Winds Japan
Various Donor,965027,incoming,MÃ©decins sans FrontiÃ¨res
Various Donor,965027,incoming,MÃ©decins sans FrontiÃ¨res
Various Donor,960000,incoming,MEDAIR
Various Donor,960000,incoming,MEDAIR
Various Donor,956122,incoming,Save the Children 
Various Donor,956122,incoming,Save the Children 
Various Donor,951875,incoming,People in Need
Various Donor,951875,incoming,People in Need
Various Donor,950000,internal,World Food Programme
Various Donor,944283,incoming,United Nations Children's Fund
Various Donor,944283,incoming,United Nations Children's Fund
Various Donor,941240,internal,Norwegian Refugee Council
Various Donor,931708,incoming,International Organization for Migration
Various Donor,931708,incoming,International Organization for Migration
Various Donor,930221,incoming,Adventist Development and Relief Agency 
Various Donor,930221,incoming,Adventist Development and Relief Agency 
Various Donor,928936,incoming,ACT Alliance / Church of Sweden
Various Donor,928936,incoming,ACT Alliance / Church of Sweden
Various Donor,923598,internal,International Rescue Committee
Various Donor,923000,internal,International Organization for Migration
Various Donor,918577,incoming,ACT Alliance / DanChurchAid
Various Donor,918577,incoming,ACT Alliance / DanChurchAid
Various Donor,915261,internal,GOAL
Various Donor,914370,incoming,Deutsche Welthungerhilfe e.V. (German Agro Action)
Various Donor,913625,internal,GOAL
Various Donor,912800,internal,United Nations Children's Fund
Various Donor,908830,internal,International Rescue Committee
Various Donor,907801,internal,Norwegian Refugee Council
Various Donor,901639,internal,Norwegian Refugee Council
Various Donor,899881,internal,World Food Programme
Various Donor,895732,incoming,World Relief
Various Donor,895732,incoming,World Relief
Various Donor,892012,incoming,Polish Humanitarian Action
Various Donor,892012,incoming,Polish Humanitarian Action
Various Donor,891328,internal,Danish Refugee Council
Various Donor,882362,internal,United Nations Children's Fund
Various Donor,875000,incoming,International Rescue Committee
Various Donor,875000,incoming,International Rescue Committee
Various Donor,872520,incoming,TEARFUND
Various Donor,872520,incoming,TEARFUND
Various Donor,866667,incoming,United Nations Children's Fund
Various Donor,866667,incoming,United Nations Children's Fund
Various Donor,860387,incoming,World Vision South Sudan
Various Donor,860387,incoming,World Vision South Sudan
Various Donor,860000,internal,Food for the Hungry 
Various Donor,845921,incoming,United Nations Children's Fund
Various Donor,845921,incoming,United Nations Children's Fund
Various Donor,841751,incoming,MÃ©decins sans FrontiÃ¨res
Various Donor,841751,incoming,MÃ©decins sans FrontiÃ¨res
Various Donor,836455,incoming,MEDAIR
Various Donor,836455,incoming,MEDAIR
Various Donor,834899,incoming,Relief International
Various Donor,834339,incoming,GOAL
Various Donor,831708,incoming,International Organization for Migration
Various Donor,831708,incoming,International Organization for Migration
Various Donor,830557,incoming,Concern Worldwide
Various Donor,830557,incoming,Concern Worldwide
Various Donor,830000,incoming,World Vision South Sudan
Various Donor,830000,incoming,World Vision South Sudan
Various Donor,823545,incoming,International Medical Corps UK
Various Donor,816386,incoming,Nonviolent Peaceforce
Various Donor,816386,incoming,Nonviolent Peaceforce
Various Donor,814996,incoming,United Nations Children's Fund
Various Donor,812000,incoming,Danish Refugee Council
Various Donor,812000,incoming,Danish Refugee Council
Various Donor,811231,internal,Food & Agriculture Organization of the United Nations
Various Donor,810557,internal,Concern Worldwide
Various Donor,800641,incoming,Save the Children 
Various Donor,800641,incoming,Save the Children 
Various Donor,800641,incoming,Save the Children 
Various Donor,800641,incoming,Save the Children 
Various Donor,800096,internal,World Health Organization
Various Donor,800000,incoming,International Medical Corps UK
Various Donor,800000,incoming,United Nations High Commissioner for Refugees
Various Donor,800000,incoming,International Medical Corps UK
Various Donor,800000,incoming,United Nations High Commissioner for Refugees
Various Donor,799379,incoming,United Nations Children's Fund
Various Donor,799379,incoming,United Nations Children's Fund
Various Donor,797055,internal,Catholic Relief Services
Various Donor,797055,incoming,Catholic Relief Services
Various Donor,797055,incoming,Catholic Relief Services
Various Donor,794509,incoming,CARE International
Various Donor,791417,incoming,Relief International
Various Donor,790013,internal,International Organization for Migration
Various Donor,789940,incoming,Agency for Technical Cooperation and Development
Various Donor,789940,incoming,Agency for Technical Cooperation and Development
Various Donor,786782,incoming,World Food Programme
Various Donor,786782,incoming,World Food Programme
Various Donor,785634,internal,TEARFUND
Various Donor,782998,incoming,Save the Children 
Various Donor,774999,incoming,International Organization for Migration
Various Donor,774999,incoming,International Organization for Migration
Various Donor,774336,internal,Norwegian Refugee Council
Various Donor,768569,incoming,United Nations Children's Fund
Various Donor,768569,incoming,United Nations Children's Fund
Various Donor,768569,incoming,United Nations Children's Fund
Various Donor,768569,incoming,United Nations Children's Fund
Various Donor,766687,incoming,World Health Organization
Various Donor,766687,incoming,World Health Organization
Various Donor,761267,incoming,Danish Refugee Council
Various Donor,761267,incoming,Danish Refugee Council
Various Donor,756010,incoming,South Sudan CHF
Various Donor,756010,incoming,South Sudan CHF
Various Donor,755448,incoming,Concern Worldwide
Various Donor,755448,incoming,Concern Worldwide
Various Donor,750000,incoming,United Nations Population Fund
Various Donor,750000,incoming,United Nations Population Fund
Various Donor,747490,incoming,Danish Refugee Council
Various Donor,747490,incoming,Danish Refugee Council
Various Donor,742574,internal,OXFAM GB
Various Donor,739546,internal,Norwegian Refugee Council
Various Donor,737444,incoming,MEDAIR
Various Donor,737444,incoming,MEDAIR
Various Donor,731710,incoming,International Organization for Migration
Various Donor,731710,incoming,International Organization for Migration
Various Donor,730000,incoming,The Health Support Organization
Various Donor,726045,incoming,ACT Alliance / Lutheran World Federation
Various Donor,723605,incoming,GOAL
Various Donor,721848,incoming,Concern Worldwide
Various Donor,721848,incoming,Concern Worldwide
Various Donor,718738,incoming,International Medical Corps
Various Donor,718738,incoming,International Medical Corps
Various Donor,716204,internal,World Vision South Sudan
Various Donor,714286,incoming,Deutsche Welthungerhilfe e.V. (German Agro Action)
Various Donor,714286,incoming,Deutsche Welthungerhilfe e.V. (German Agro Action)
Various Donor,706314,incoming,World Food Programme
Various Donor,706314,incoming,World Food Programme
Various Donor,704000,incoming,World Vision South Sudan
Various Donor,704000,incoming,World Vision South Sudan
Various Donor,700000,internal,World Food Programme
Various Donor,700000,internal,International Organization for Migration
Various Donor,699593,incoming,Catholic Organisation for Relief and Development Aid
Various Donor,699593,incoming,Catholic Organisation for Relief and Development Aid
Various Donor,697888,incoming,GOAL
Various Donor,697888,incoming,GOAL
Various Donor,697293,incoming,World Vision South Sudan
Various Donor,697293,incoming,World Vision South Sudan
Various Donor,696430,incoming,Agency for Technical Cooperation and Development
Various Donor,696430,incoming,Agency for Technical Cooperation and Development
Various Donor,694034,incoming,Swedish Mission Council
Various Donor,694034,incoming,Swedish Mission Council
Various Donor,690034,incoming,World Relief
Various Donor,688103,internal,CARITAS
Various Donor,682060,outgoing,World Food Programme
Various Donor,680544,incoming,World Vision South Sudan
Various Donor,680544,incoming,World Vision South Sudan
Various Donor,678810,incoming,Polish Humanitarian Action
Various Donor,678170,incoming,United Nations Children's Fund
Various Donor,678170,incoming,United Nations Children's Fund
Various Donor,677310,internal,World Food Programme
Various Donor,677120,incoming,TEARFUND
Various Donor,677120,incoming,TEARFUND
Various Donor,675000,incoming,United Nations Children's Fund
Various Donor,675000,incoming,United Nations Children's Fund
Various Donor,674781,incoming,Concern Worldwide
Various Donor,674781,incoming,Concern Worldwide
Various Donor,670732,incoming,Catholic Organisation for Relief and Development Aid
Various Donor,670732,incoming,Catholic Organisation for Relief and Development Aid
Various Donor,669031,incoming,Concern Worldwide
Various Donor,669031,incoming,Concern Worldwide
Various Donor,666667,internal,World Food Programme
Various Donor,666666,incoming,MEDAIR
Various Donor,666666,incoming,MEDAIR
Various Donor,650000,incoming,INTERSOS
Various Donor,650000,incoming,INTERSOS
Various Donor,649993,internal,United Nations Population Fund
Various Donor,643612,internal,Catholic Relief Services
Various Donor,643612,incoming,Catholic Relief Services
Various Donor,643612,incoming,Catholic Relief Services
Various Donor,640000,incoming,MEDAIR
Various Donor,640000,incoming,MEDAIR
Various Donor,638753,incoming,International Rescue Committee
Various Donor,638753,incoming,International Rescue Committee
Various Donor,636780,internal,Office for the Coordination of Humanitarian Affairs
Various Donor,635214,incoming,OXFAM GB
Various Donor,635214,incoming,OXFAM GB
Various Donor,630010,internal,GOAL
Various Donor,630000,internal,Catholic Relief Services
Various Donor,625782,incoming,United Nations High Commissioner for Refugees
Various Donor,625782,incoming,United Nations High Commissioner for Refugees
Various Donor,625212,internal,United Nations Children's Fund
Various Donor,625000,incoming,International Rescue Committee
Various Donor,625000,incoming,Danish Refugee Council
Various Donor,625000,incoming,International Rescue Committee
Various Donor,625000,incoming,Danish Refugee Council
Various Donor,620000,incoming,Danish Refugee Council
Various Donor,620000,incoming,Danish Refugee Council
Various Donor,615213,incoming,ACT Alliance / Lutheran World Federation
Various Donor,612671,internal,OXFAM GB
Various Donor,612207,internal,Catholic Relief Services
Various Donor,609266,internal,International Organization for Migration
Various Donor,608081,incoming,Help - Hilfe zur Selbsthilfe e.V.
Various Donor,608081,incoming,Help - Hilfe zur Selbsthilfe e.V.
Various Donor,600525,internal,Norwegian Refugee Council
Various Donor,600000,internal,United Nations Population Fund
Various Donor,599979,internal,International Organization for Migration
Various Donor,599706,incoming,Mentor Initiative
Various Donor,599706,incoming,Mentor Initiative
Various Donor,596153,internal,Norwegian Red Cross
Various Donor,594116,incoming,empty
Various Donor,594116,incoming,empty
Various Donor,585049,incoming,World Vision South Sudan
Various Donor,585049,incoming,World Vision South Sudan
Various Donor,584927,incoming,United Nations Population Fund
Various Donor,584927,incoming,United Nations Population Fund
Various Donor,584158,internal,Agency for Technical Cooperation and Development
Various Donor,583567,incoming,Norwegian Refugee Council
Various Donor,583567,incoming,Norwegian Refugee Council
Various Donor,583333,internal,United Nations Children's Fund
Various Donor,583333,internal,United Nations Children's Fund
Various Donor,583200,internal,United Nations Children's Fund
Various Donor,583047,incoming,GOAL
Various Donor,583047,incoming,GOAL
Various Donor,580000,incoming,World Vision South Sudan
Various Donor,580000,incoming,World Vision South Sudan
Various Donor,580000,incoming,World Vision South Sudan
Various Donor,579600,internal,United Nations Population Fund
Various Donor,574647,incoming,Save the Children 
Various Donor,574647,incoming,Save the Children 
Various Donor,566893,incoming,Catholic Organisation for Relief and Development Aid
Various Donor,566893,incoming,Catholic Organisation for Relief and Development Aid
Various Donor,564538,incoming,GOAL
Various Donor,564538,incoming,GOAL
Various Donor,562430,internal,International Committee of the Red Cross
Various Donor,561167,incoming,United Nations Children's Fund
Various Donor,556700,internal,Oxfam Intermon
Various Donor,552455,incoming,ACT Alliance / DanChurchAid
Various Donor,550665,internal,South Sudan CHF
Various Donor,550000,incoming,World Vision South Sudan
Various Donor,550000,incoming,World Vision South Sudan
Various Donor,550000,incoming,World Vision South Sudan
Various Donor,550000,incoming,World Vision South Sudan
Various Donor,549583,internal,International Rescue Committee
Various Donor,548611,incoming,Concern Worldwide
Various Donor,548611,incoming,Concern Worldwide
Various Donor,546448,incoming,International Committee of the Red Cross
Various Donor,546448,incoming,International Committee of the Red Cross
Various Donor,546446,incoming,International Rescue Committee
Various Donor,546446,incoming,International Rescue Committee
Various Donor,544662,incoming,International Committee of the Red Cross
Various Donor,544662,incoming,United Nations High Commissioner for Refugees
Various Donor,544662,incoming,International Committee of the Red Cross
Various Donor,544662,incoming,World Food Programme
Various Donor,544662,incoming,International Committee of the Red Cross
Various Donor,544662,incoming,United Nations High Commissioner for Refugees
Various Donor,544662,incoming,International Committee of the Red Cross
Various Donor,544662,incoming,World Food Programme
Various Donor,540403,incoming,Danish Refugee Council
Various Donor,540403,incoming,Danish Refugee Council
Various Donor,539944,incoming,Swedish Red Cross 
Various Donor,539944,incoming,Swedish Red Cross 
Various Donor,537403,incoming,MEDAIR
Various Donor,533078,incoming,Relief International
Various Donor,533078,incoming,Relief International
Various Donor,531000,internal,World Vision South Sudan
Various Donor,530630,incoming,GOAL
Various Donor,530630,incoming,GOAL
Various Donor,530146,internal,Agency for Technical Cooperation and Development
Various Donor,526733,internal,International Rescue Committee
Various Donor,526099,incoming,Universal Intervention and Development Organization
Various Donor,521757,incoming,Trocaire
Various Donor,521757,incoming,Trocaire
Various Donor,520291,internal,United Nations High Commissioner for Refugees
Various Donor,520291,outgoing,United Nations High Commissioner for Refugees
Various Donor,518546,incoming,United Nations Children's Fund
Various Donor,518546,incoming,United Nations Children's Fund
Various Donor,518274,internal,United Nations Children's Fund
Various Donor,518135,incoming,MEDAIR
Various Donor,518135,internal,Office for the Coordination of Humanitarian Affairs
Various Donor,517975,internal,International Rescue Committee
Various Donor,514403,incoming,Danish Red Cross
Various Donor,514403,incoming,World Food Programme
Various Donor,514403,incoming,Danish Red Cross
Various Donor,514403,incoming,World Food Programme
Various Donor,509129,incoming,World Vision South Sudan
Various Donor,509129,incoming,World Vision South Sudan
Various Donor,504534,incoming,International Organization for Migration
Various Donor,504534,incoming,International Organization for Migration
Various Donor,500001,incoming,United Nations Children's Fund
Various Donor,500001,incoming,United Nations Children's Fund
Various Donor,500000,incoming,World Vision South Sudan
Various Donor,500000,internal,United Nations Department of Safety and Security
Various Donor,500000,internal,United Nations Children's Fund
Various Donor,500000,internal,Food & Agriculture Organization of the United Nations
Various Donor,500000,internal,United Nations Children's Fund
Various Donor,500000,incoming,International Medical Corps UK
Various Donor,500000,incoming,International Medical Corps UK
Various Donor,500000,incoming,International Medical Corps UK
Various Donor,500000,incoming,International Medical Corps UK
Various Donor,499967,internal,Mercy Corps 
Various Donor,499956,internal,International Organization for Migration
Various Donor,497194,internal,United Nations Children's Fund
Various Donor,496313,incoming,MÃ©decins sans FrontiÃ¨res
Various Donor,496313,incoming,MÃ©decins sans FrontiÃ¨res
Various Donor,495050,internal,Agency for Technical Cooperation and Development
Various Donor,495050,internal,Concern Worldwide
Various Donor,495050,internal,Danish Refugee Council
Various Donor,495050,internal,SolidaritÃ©s International
Various Donor,495049,internal,OXFAM GB
Various Donor,495042,internal,Universal Intervention and Development Organization
Various Donor,491554,incoming,Catholic Relief Services
Various Donor,491554,incoming,Catholic Relief Services
Various Donor,490000,incoming,United Nations High Commissioner for Refugees
Various Donor,490000,incoming,United Nations High Commissioner for Refugees
Various Donor,487805,incoming,Concern Worldwide
Various Donor,487805,incoming,Concern Worldwide
Various Donor,486342,internal,Agency for Technical Cooperation and Development
Various Donor,484094,incoming,Concern Worldwide
Various Donor,484094,incoming,Concern Worldwide
Various Donor,478825,internal,United Nations High Commissioner for Refugees
Various Donor,477191,incoming,Norwegian Refugee Council
Various Donor,477191,incoming,Norwegian Refugee Council
Various Donor,475291,internal,empty
Various Donor,475248,internal,Nile Hope
Various Donor,474308,incoming,Office for the Coordination of Humanitarian Affairs
Various Donor,474308,incoming,Office for the Coordination of Humanitarian Affairs
Various Donor,469752,incoming,OXFAM GB
Various Donor,469752,incoming,OXFAM GB
Various Donor,468919,internal,MEDAIR
Various Donor,467642,incoming,Concern Worldwide
Various Donor,467642,incoming,Concern Worldwide
Various Donor,464468,incoming,United Nations Children's Fund
Various Donor,464468,incoming,United Nations Children's Fund
Various Donor,462805,incoming,Nile Hope
Various Donor,462805,incoming,Nile Hope
Various Donor,460481,incoming,Norwegian Refugee Council
Various Donor,460481,incoming,Norwegian Refugee Council
Various Donor,459955,incoming,GOAL
Various Donor,459955,incoming,GOAL
Various Donor,453972,internal,Comitato di Coordinamento delle Organizzazione per il Servizio Volontario
Various Donor,450000,incoming,Plan International
Various Donor,449956,incoming,TEARFUND
Various Donor,449956,incoming,TEARFUND
Various Donor,449454,internal,International Organization for Migration
Various Donor,449000,incoming,Relief International
Various Donor,449000,incoming,Relief International
Various Donor,448934,incoming,ACT Alliance / Finn Church Aid
Various Donor,448934,incoming,ACT Alliance / Finn Church Aid
Various Donor,448199,internal,The Health Support Organization
Various Donor,446996,incoming,Deutsche Welthungerhilfe e.V. (German Agro Action)
Various Donor,446007,incoming,Polish Humanitarian Action
Various Donor,442478,internal,Danish Refugee Council
Various Donor,441362,incoming,Concern Worldwide
Various Donor,441362,incoming,Concern Worldwide
Various Donor,441205,internal,International Rescue Committee
Various Donor,440000,incoming,World Vision South Sudan
Various Donor,440000,incoming,World Vision South Sudan
Various Donor,437500,incoming,Collegio Universitario Aspirante e Medici Missionari
Various Donor,434783,outgoing,World Food Programme
Various Donor,432489,internal,World Food Programme
Various Donor,432446,incoming,United Nations Children's Fund
Various Donor,432446,incoming,United Nations Children's Fund
Various Donor,431712,incoming,International Organization for Migration
Various Donor,431712,incoming,International Organization for Migration
Various Donor,431000,incoming,Save the Children 
Various Donor,431000,incoming,Save the Children 
Various Donor,430000,internal,Swedish Civil Contingencies Agency (MSB)
Various Donor,429743,incoming,Nonviolent Peaceforce
Various Donor,429743,incoming,Nonviolent Peaceforce
Various Donor,429606,incoming,The Health Support Organization
Various Donor,429605,internal,Nonviolent Peaceforce
Various Donor,428671,incoming,Oxfam Intermon
Various Donor,428671,incoming,Oxfam Intermon
Various Donor,426829,incoming,Concern Worldwide
Various Donor,426829,incoming,Concern Worldwide
Various Donor,425952,incoming,Japan Center for Conflict Prevention
Various Donor,425952,incoming,Japan Center for Conflict Prevention
Various Donor,416945,incoming,United Nations High Commissioner for Refugees
Various Donor,416945,incoming,United Nations High Commissioner for Refugees
Various Donor,416667,incoming,United Nations Children's Fund
Various Donor,416667,incoming,United Nations Children's Fund
Various Donor,415855,internal,ACF - USA
Various Donor,415754,internal,Oxfam Intermon
Various Donor,415000,incoming,International Medical Corps UK
Various Donor,415000,incoming,International Medical Corps UK
Various Donor,412890,incoming,Nonviolent Peaceforce
Various Donor,412890,incoming,Nonviolent Peaceforce
Various Donor,411528,incoming,United Nations Children's Fund
Various Donor,411528,incoming,United Nations Children's Fund
Various Donor,409836,incoming,Norwegian Refugee Council
Various Donor,409836,incoming,Norwegian Refugee Council
Various Donor,409124,incoming,Confident Children out of Conflict
Various Donor,409124,incoming,Confident Children out of Conflict
Various Donor,401329,incoming,ACF - USA
Various Donor,401329,incoming,ACF - USA
Various Donor,400990,internal,MEDAIR
Various Donor,400002,internal,International Organization for Migration
Various Donor,400000,incoming,World Vision South Sudan
Various Donor,400000,internal,United Nations Children's Fund
Various Donor,400000,internal,United Nations Children's Fund
Various Donor,400000,internal,Catholic Relief Services
Various Donor,400000,incoming,International Organization for Migration
Various Donor,400000,incoming,Office for the Coordination of Humanitarian Affairs
Various Donor,400000,incoming,VÃ©tÃ©rinaires sans FrontiÃ¨res (Switzerland)
Various Donor,400000,incoming,International Organization for Migration
Various Donor,400000,incoming,Office for the Coordination of Humanitarian Affairs
Various Donor,400000,incoming,VÃ©tÃ©rinaires sans FrontiÃ¨res (Switzerland)
Various Donor,399994,internal,International Organization for Migration
Various Donor,398885,incoming,South Sudan CHF
Various Donor,398885,incoming,South Sudan CHF
Various Donor,397421,internal,MEDAIR
Various Donor,396085,internal,ACF - USA
Various Donor,396040,internal,International Rescue Committee
Various Donor,396040,internal,Relief International
Various Donor,396040,internal,MEDAIR
Various Donor,396040,internal,MEDAIR
Various Donor,396038,internal,Concern Worldwide
Various Donor,394199,internal,Oxfam Intermon
Various Donor,393701,incoming,International Committee of the Red Cross
Various Donor,393701,incoming,International Committee of the Red Cross
Various Donor,391948,internal,International Medical Corps UK
Various Donor,389172,incoming,Catholic Relief Services
Various Donor,389172,incoming,Catholic Relief Services
Various Donor,388457,incoming,Danish Refugee Council
Various Donor,388457,incoming,Danish Refugee Council
Various Donor,385509,incoming,World Relief
Various Donor,385509,incoming,World Relief
Various Donor,384615,internal,Danish Refugee Council
Various Donor,381005,incoming,Catholic Relief Services
Various Donor,381005,incoming,Catholic Relief Services
Various Donor,376458,incoming,GOAL
Various Donor,375786,incoming,Internews
Various Donor,375786,incoming,Internews
Various Donor,375000,incoming,World Vision South Sudan
Various Donor,375000,incoming,World Vision South Sudan
Various Donor,370593,incoming,United Nations Children's Fund
Various Donor,370593,incoming,United Nations Children's Fund
Various Donor,368508,internal,Nile Hope
Various Donor,363220,internal,Norwegian Refugee Council
Various Donor,362817,internal,Norwegian Refugee Council
Various Donor,356394,internal,NGO FORUM
Various Donor,355632,internal,Concern Worldwide
Various Donor,354796,incoming,United Nations Children's Fund
Various Donor,354796,incoming,United Nations Children's Fund
Various Donor,352972,internal,Handicap International
Various Donor,352332,internal,World Food Programme
Various Donor,351650,incoming,Relief International
Various Donor,351650,incoming,Relief International
Various Donor,350991,internal,World Vision South Sudan
Various Donor,350000,internal,United Nations Population Fund
Various Donor,349992,internal,International Organization for Migration
Various Donor,348824,internal,Polish Humanitarian Action
Various Donor,348351,internal,OXFAM GB
Various Donor,347754,internal,Confident Children out of Conflict
Various Donor,346535,internal,International Rescue Committee
Various Donor,345651,incoming,Nile Hope
Various Donor,344496,internal,World Vision South Sudan
Various Donor,336548,incoming,United Nations High Commissioner for Refugees
Various Donor,336157,internal,Norwegian Refugee Council
Various Donor,335570,incoming,Agency for Technical Cooperation and Development
Various Donor,335570,incoming,Agency for Technical Cooperation and Development
Various Donor,333333,incoming,MEDAIR
Various Donor,333333,incoming,MEDAIR
Various Donor,329225,incoming,Help - Hilfe zur Selbsthilfe e.V.
Various Donor,329168,incoming,United Nations Children's Fund
Various Donor,329168,incoming,United Nations Children's Fund
Various Donor,329024,incoming,ACT Alliance / Interchurch Organisation for Development Co-operation
Various Donor,329024,incoming,ACT Alliance / Interchurch Organisation for Development Co-operation
Various Donor,328554,incoming,International Rescue Committee
Various Donor,328554,incoming,International Rescue Committee
Various Donor,328023,incoming,Concern Worldwide
Various Donor,328023,incoming,Concern Worldwide
Various Donor,325027,internal,TEARFUND
Various Donor,322503,internal,International Organization for Migration
Various Donor,322500,internal,International Organization for Migration
Various Donor,319285,incoming,Catholic Organisation for Relief and Development Aid
Various Donor,318551,internal,ACT Alliance / Interchurch Organisation for Development Co-operation
Various Donor,317460,incoming,CARITAS
Various Donor,317460,incoming,CARITAS
Various Donor,313053,internal,Danish Refugee Council
Various Donor,312891,incoming,GOAL
Various Donor,312891,incoming,GOAL
Various Donor,312774,internal,Norwegian Refugee Council
Various Donor,312175,incoming,Terre des Hommes - Lausanne
Various Donor,309447,internal,Community in Need Aid
Various Donor,304394,internal,empty
Various Donor,302433,internal,World Health Organization
Various Donor,301522,internal,INTERSOS
Various Donor,300007,internal,World Health Organization
Various Donor,300000,incoming,Nonviolent Peaceforce
Various Donor,300000,incoming,Plan International
Various Donor,300000,incoming,Save the Children 
Various Donor,300000,internal,United Nations Children's Fund
Various Donor,300000,internal,United Nations Children's Fund
Various Donor,300000,internal,International Organization for Migration
Various Donor,300000,incoming,United Nations Children's Fund
Various Donor,300000,incoming,United Nations Children's Fund
Various Donor,300000,incoming,World Vision South Sudan
Various Donor,300000,incoming,United Nations Children's Fund
Various Donor,300000,incoming,United Nations Children's Fund
Various Donor,300000,incoming,World Vision South Sudan
Various Donor,299999,internal,United Nations Children's Fund
Various Donor,297031,internal,Health Link South Sudan
Various Donor,297030,internal,Comitato Collaborazione Medica
Various Donor,297030,internal,International Rescue Committee
Various Donor,297030,internal,Nile Hope
Various Donor,297030,internal,Catholic Relief Services
Various Donor,297029,internal,International Medical Corps UK
Various Donor,297028,internal,CARE International
Various Donor,296892,internal,ACF - USA
Various Donor,296608,internal,VÃ©tÃ©rinaires sans FrontiÃ¨res (Germany)
Various Donor,296252,internal,Internews
Various Donor,295858,incoming,Nonviolent Peaceforce
Various Donor,295050,internal,Christian Mission for Development
Various Donor,294381,incoming,Samaritan's Purse
Various Donor,294381,incoming,Samaritan's Purse
Various Donor,292769,incoming,United Nations Children's Fund
Various Donor,292769,incoming,United Nations Children's Fund
Various Donor,292056,incoming,ACT Alliance / DanChurchAid
Various Donor,292056,incoming,ACT Alliance / DanChurchAid
Various Donor,291802,incoming,Confident Children out of Conflict
Various Donor,290894,incoming,Concern Worldwide
Various Donor,290894,incoming,Concern Worldwide
Various Donor,289622,internal,INTERSOS
Various Donor,288689,incoming,Interchurch Medical Assistance World Health
Various Donor,288689,incoming,Interchurch Medical Assistance World Health
Various Donor,288229,incoming,Concern Worldwide
Various Donor,288132,internal,International Medical Corps UK
Various Donor,288101,internal,World Vision South Sudan
Various Donor,287179,internal,INTERSOS
Various Donor,285668,incoming,United Nations Children's Fund
Various Donor,285668,incoming,United Nations Children's Fund
Various Donor,285528,incoming,International Medical Corps UK
Various Donor,285528,incoming,International Medical Corps UK
Various Donor,285104,internal,INTERSOS
Various Donor,283447,incoming,International Committee of the Red Cross
Various Donor,283447,incoming,International Committee of the Red Cross
Various Donor,283252,incoming,CARE International
Various Donor,283252,incoming,CARE International
Various Donor,282230,incoming,United Nations Children's Fund
Various Donor,282230,incoming,United Nations Children's Fund
Various Donor,280000,internal,United Nations Children's Fund
Various Donor,280000,incoming,ACF - USA
Various Donor,280000,incoming,ACF - USA
Various Donor,277638,incoming,MEDAIR
Various Donor,277228,internal,MEDAIR
Various Donor,277201,incoming,ACT Alliance / Lutheran World Federation
Various Donor,274178,internal,World Food Programme
Various Donor,273224,incoming,United Nations Children's Fund
Various Donor,273224,incoming,United Nations Children's Fund
Various Donor,272331,incoming,United Nations Children's Fund
Various Donor,272331,incoming,United Nations Children's Fund
Various Donor,272331,incoming,United Nations Children's Fund
Various Donor,272331,incoming,United Nations Children's Fund
Various Donor,272277,internal,Universal Network for Knowledge and Empowerment Agency
Various Donor,272277,internal,Fangak Community Development Initiative
Various Donor,270717,incoming,empty
Various Donor,270717,incoming,empty
Various Donor,268100,incoming,Catholic Organisation for Relief and Development Aid
Various Donor,268100,incoming,Catholic Organisation for Relief and Development Aid
Various Donor,267327,internal,GOAL
Various Donor,265139,incoming,International Rescue Committee
Various Donor,263767,incoming,MEDAIR
Various Donor,263767,incoming,MEDAIR
Various Donor,263680,internal,Norwegian Refugee Council
Various Donor,263435,internal,empty
Various Donor,263366,internal,Terre des Hommes - Lausanne
Various Donor,257998,incoming,World Food Programme
Various Donor,257998,incoming,World Food Programme
Various Donor,256540,internal,International Medical Corps UK
Various Donor,254801,internal,MEDAIR
Various Donor,254712,internal,Norwegian Refugee Council
Various Donor,251818,incoming,Catholic Organisation for Relief and Development Aid
Various Donor,251705,incoming,United Nations Children's Fund
Various Donor,251705,incoming,United Nations Children's Fund
Various Donor,251604,incoming,MEDAIR
Various Donor,251604,incoming,MEDAIR
Various Donor,250173,incoming,The Health Support Organization
Various Donor,250173,incoming,The Health Support Organization
Various Donor,250000,incoming,World Relief
Various Donor,250000,incoming,The Health Support Organization
Various Donor,250000,internal,International Organization for Migration
Various Donor,250000,incoming,United Nations High Commissioner for Refugees
Various Donor,250000,incoming,World Vision South Sudan
Various Donor,250000,incoming,United Nations Children's Fund
Various Donor,250000,incoming,United Nations High Commissioner for Refugees
Various Donor,250000,incoming,World Vision South Sudan
Various Donor,250000,incoming,United Nations Children's Fund
Various Donor,247992,internal,Universal Intervention and Development Organization
Various Donor,247831,incoming,United Nations Children's Fund
Various Donor,247831,incoming,United Nations Children's Fund
Various Donor,247526,internal,Health Link South Sudan
Various Donor,247525,internal,TEARFUND
Various Donor,247525,internal,Nile Hope
Various Donor,247525,internal,VÃ©tÃ©rinaires sans FrontiÃ¨res (Switzerland)
Various Donor,247525,internal,CARE International
Various Donor,247523,internal,Universal Network for Knowledge and Empowerment Agency
Various Donor,247492,internal,International Medical Corps UK
Various Donor,246045,internal,Agency for Technical Cooperation and Development
Various Donor,245901,incoming,United Nations Children's Fund
Various Donor,245901,incoming,United Nations Children's Fund
Various Donor,244747,incoming,VÃ©tÃ©rinaires sans FrontiÃ¨res (Switzerland)
Various Donor,241977,internal,Norwegian Refugee Council
Various Donor,240993,incoming,Norwegian Refugee Council
Various Donor,240993,incoming,Norwegian Refugee Council
Various Donor,240495,internal,Christian Mission for Development
Various Donor,240044,internal,Danish Refugee Council
Various Donor,237623,internal,Christian Mission for Development
Various Donor,234335,internal,Norwegian Refugee Council
Various Donor,233500,incoming,World Relief
Various Donor,233500,incoming,World Relief
Various Donor,233312,incoming,Christian Mission Aid
Various Donor,232483,incoming,Peace Corps Organization
Various Donor,232483,incoming,Peace Corps Organization
Various Donor,232068,internal,Norwegian Refugee Council
Various Donor,230720,internal,Comitato di Coordinamento delle Organizzazione per il Servizio Volontario
Various Donor,230000,incoming,Concern Worldwide
Various Donor,229978,internal,IBIS
Various Donor,229241,internal,Norwegian Refugee Council
Various Donor,228422,incoming,GOAL
Various Donor,228422,incoming,GOAL
Various Donor,228147,incoming,United Nations Children's Fund
Various Donor,228147,incoming,United Nations Children's Fund
Various Donor,226757,incoming,PremiÃ¨re Urgence - Aide MÃ©dicale Internationale
Various Donor,226757,incoming,PremiÃ¨re Urgence - Aide MÃ©dicale Internationale
Various Donor,225000,incoming,World Vision South Sudan
Various Donor,222778,internal,Danish Refugee Council
Various Donor,222772,internal,GOAL
Various Donor,222618,internal,Norwegian Refugee Council
Various Donor,221847,incoming,International Organization for Migration
Various Donor,221326,incoming,ACT Alliance / Interchurch Organisation for Development Co-operation
Various Donor,221326,incoming,ACT Alliance / Interchurch Organisation for Development Co-operation
Various Donor,221239,incoming,International Rescue Committee
Various Donor,221239,incoming,International Rescue Committee
Various Donor,221204,internal,Relief International
Various Donor,221022,incoming,GOAL
Various Donor,221022,incoming,GOAL
Various Donor,220000,incoming,Islamic Relief Worldwide
Various Donor,220000,incoming,Islamic Relief Worldwide
Various Donor,219055,incoming,Search for Common Ground
Various Donor,218579,incoming,MEDAIR
Various Donor,218152,internal,Volunteer Organization for the International Co-operation
Various Donor,217822,internal,MEDAIR
Various Donor,216685,incoming,Deutsche Welthungerhilfe e.V. (German Agro Action)
Various Donor,216685,incoming,Deutsche Welthungerhilfe e.V. (German Agro Action)
Various Donor,216138,incoming,TEARFUND
Various Donor,216138,incoming,TEARFUND
Various Donor,215764,internal,Christian Mission for Development
Various Donor,214638,incoming,United Nations Children's Fund
Various Donor,214638,incoming,United Nations Children's Fund
Various Donor,214634,incoming,ACT Alliance / Lutheran World Federation
Various Donor,213582,incoming,Concern Worldwide
Various Donor,213582,incoming,Concern Worldwide
Various Donor,213155,incoming,Danish Red Cross
Various Donor,213155,incoming,Danish Red Cross
Various Donor,213040,internal,United Nations Children's Fund
Various Donor,212827,internal,United Nations Population Fund
Various Donor,211618,internal,MEDAIR
Various Donor,210902,internal,Norwegian Refugee Council
Various Donor,210693,internal,VÃ©tÃ©rinaires sans FrontiÃ¨res (Switzerland)
Various Donor,208641,internal,Norwegian Refugee Council
Various Donor,206945,internal,Universal Network for Knowledge and Empowerment Agency
Various Donor,206931,internal,TEARFUND
Various Donor,205759,incoming,Handicap International
Various Donor,205098,internal,Associazione Volontari per il Servizio Internazionale
Various Donor,203804,incoming,International Rescue Committee
Various Donor,203804,incoming,International Rescue Committee
Various Donor,203252,incoming,GOAL
Various Donor,203252,incoming,GOAL
Various Donor,203214,internal,Fashoda Youth Forum
Various Donor,203086,incoming,Food & Agriculture Organization of the United Nations
Various Donor,203086,incoming,Food & Agriculture Organization of the United Nations
Various Donor,202779,internal,Community Aid for Development
Various Donor,202020,incoming,Health Link South Sudan
Various Donor,201100,internal,Advocates Coalition for Rights and Development
Various Donor,200090,internal,United Nations Population Fund
Various Donor,200000,incoming,World Vision South Sudan
Various Donor,200000,incoming,Catholic Relief Services
Various Donor,200000,internal,Sign of Hope
Various Donor,200000,internal,International Rescue Committee
Various Donor,200000,incoming,Help - Hilfe zur Selbsthilfe e.V.
Various Donor,200000,incoming,UN Women
Various Donor,200000,incoming,United Nations Population Fund
Various Donor,200000,incoming,International Organization for Migration
Various Donor,200000,incoming,Help - Hilfe zur Selbsthilfe e.V.
Various Donor,200000,incoming,UN Women
Various Donor,200000,incoming,United Nations Population Fund
Various Donor,200000,incoming,International Organization for Migration
Various Donor,199741,internal,International Medical Corps UK
Various Donor,198255,internal,Universal Intervention and Development Organization
Various Donor,198022,internal,CARE International
Various Donor,198021,internal,Comitato di Coordinamento delle Organizzazione per il Servizio Volontario
Various Donor,198020,internal,Nile Hope
Various Donor,198020,internal,Relief International
Various Donor,198020,internal,Relief International
Various Donor,198020,internal,Joint Aid Management International
Various Donor,198020,internal,Christian Mission Aid
Various Donor,198020,internal,Nile Hope
Various Donor,198020,internal,World Relief
Various Donor,198020,internal,GOAL
Various Donor,198020,internal,International Medical Corps UK
Various Donor,198020,internal,Rural Water and Sanitation Support Agency
Various Donor,197884,internal,Danish De-mining Group
Various Donor,197723,internal,Polish Humanitarian Action
Various Donor,197340,internal,Universal Network for Knowledge and Empowerment Agency
Various Donor,196685,internal,Hold the Child Organisation
Various Donor,196043,incoming,World Vision South Sudan
Various Donor,194400,internal,United Nations Children's Fund
Various Donor,191367,incoming,Universal Intervention and Development Organization
Various Donor,191367,incoming,Universal Intervention and Development Organization
Various Donor,190765,internal,Nonviolent Peaceforce
Various Donor,189599,incoming,Nonviolent Peaceforce
Various Donor,188720,incoming,ACT Alliance / Lutheran World Federation
Various Donor,188136,internal,Universal Intervention and Development Organization
Various Donor,187735,incoming,TEARFUND
Various Donor,187735,incoming,TEARFUND
Various Donor,187664,internal,Norwegian Refugee Council
Various Donor,186605,incoming,MEDAIR
Various Donor,181954,internal,Relief International
Various Donor,181926,internal,Peace Corps Organization
Various Donor,180748,incoming,Deutsche Welthungerhilfe e.V. (German Agro Action)
Various Donor,180748,incoming,Deutsche Welthungerhilfe e.V. (German Agro Action)
Various Donor,180634,incoming,ACT Alliance / Lutheran World Federation
Various Donor,180000,incoming,Support for Peace and Education Development Program
Various Donor,179126,internal,INTERSOS
Various Donor,177839,internal,Danish Refugee Council
Various Donor,177448,internal,Plan International
Various Donor,172970,internal,Hold the Child Organisation
Various Donor,171462,incoming,Norwegian Red Cross
Various Donor,171462,incoming,Norwegian Red Cross
Various Donor,171003,incoming,"Republic of South Sudan, Government of"
Various Donor,171003,incoming,"Republic of South Sudan, Government of"
Various Donor,169745,incoming,Concern Worldwide
Various Donor,169330,internal,Support for Peace and Education Development Program
Various Donor,169160,incoming,United Nations Children's Fund
Various Donor,169160,incoming,United Nations Children's Fund
Various Donor,166488,incoming,Polish Humanitarian Action
Various Donor,166488,incoming,Polish Humanitarian Action
Various Donor,164411,incoming,MEDAIR
Various Donor,160000,incoming,World Vision South Sudan
Various Donor,160000,incoming,World Vision South Sudan
Various Donor,158416,internal,Peace Corps Organization
Various Donor,156740,incoming,United Nations Children's Fund
Various Donor,156740,incoming,United Nations Children's Fund
Various Donor,156434,internal,Universal Network for Knowledge and Empowerment Agency
Various Donor,156387,internal,Norwegian Refugee Council
Various Donor,155567,internal,VÃ©tÃ©rinaires sans FrontiÃ¨res (Switzerland)
Various Donor,154062,incoming,World Vision South Sudan
Various Donor,154062,incoming,World Vision South Sudan
Various Donor,152439,internal,MEDAIR
Various Donor,152439,internal,MEDAIR
Various Donor,150849,internal,Rural Community Action for Peace and Development
Various Donor,150693,incoming,Danish Red Cross
Various Donor,150693,incoming,Danish Red Cross
Various Donor,150000,incoming,World Vision South Sudan
Various Donor,150000,internal,Mercy Corps 
Various Donor,150000,incoming,World Vision South Sudan
Various Donor,150000,incoming,World Vision South Sudan
Various Donor,148515,internal,Nile Hope
Various Donor,148515,internal,GOAL
Various Donor,148515,internal,Sudan Medical Care
Various Donor,148515,internal,Universal Intervention and Development Organization
Various Donor,148514,internal,Nile Hope
Various Donor,147524,internal,MEDAIR
Various Donor,143200,incoming,Comitato di Coordinamento delle Organizzazione per il Servizio Volontario
Various Donor,142077,incoming,Catholic Relief Services
Various Donor,142077,incoming,Catholic Relief Services
Various Donor,140601,internal,Norwegian Refugee Council
Various Donor,140038,incoming,Catholic Relief Services
Various Donor,140038,incoming,Catholic Relief Services
Various Donor,137552,incoming,World Food Programme
Various Donor,137552,incoming,World Food Programme
Various Donor,137533,internal,World Food Programme
Various Donor,136634,internal,People in Need
Various Donor,136000,incoming,Comitato Collaborazione Medica
Various Donor,135521,internal,World Food Programme
Various Donor,134921,incoming,CARITAS
Various Donor,134921,incoming,CARITAS
Various Donor,133800,incoming,Care for Children and Old Age in South Sudan
Various Donor,133800,incoming,Care for Children and Old Age in South Sudan
Various Donor,133017,incoming,World Food Programme
Various Donor,133017,incoming,World Food Programme
Various Donor,132736,internal,Joint Aid Management International
Various Donor,131647,incoming,United Nations Children's Fund
Various Donor,130011,incoming,Handicap International
Various Donor,130011,incoming,Handicap International
Various Donor,130000,incoming,World Vision South Sudan
Various Donor,130000,incoming,Comitato Collaborazione Medica
Various Donor,125490,internal,World Food Programme
Various Donor,124740,internal,United Nations Humanitarian Air Service
Various Donor,124352,internal,World Food Programme
Various Donor,123030,internal,Universal Intervention and Development Organization
Various Donor,122850,incoming,Danish Refugee Council
Various Donor,122850,incoming,Danish Refugee Council
Various Donor,122433,incoming,Concern Worldwide
Various Donor,121860,incoming,ACT Alliance / Interchurch Organisation for Development Co-operation
Various Donor,121860,incoming,ACT Alliance / Interchurch Organisation for Development Co-operation
Various Donor,121013,incoming,ACT Alliance / Interchurch Organisation for Development Co-operation
Various Donor,121013,incoming,ACT Alliance / Interchurch Organisation for Development Co-operation
Various Donor,120577,internal,Standard Action Liaison Focus
Various Donor,120362,incoming,United Nations Children's Fund
Various Donor,120362,incoming,United Nations Children's Fund
Various Donor,120000,incoming,ACT Alliance / DanChurchAid
Various Donor,120000,incoming,Support for Peace and Education Development Program
Various Donor,119648,incoming,United Nations Children's Fund
Various Donor,119648,incoming,United Nations Children's Fund
Various Donor,118838,internal,Sudan Medical Care
Various Donor,117805,incoming,MEDAIR
Various Donor,114533,incoming,VÃ©tÃ©rinaires sans FrontiÃ¨res (Switzerland)
Various Donor,113861,internal,Nile Hope
Various Donor,113684,incoming,Christian Mission Aid
Various Donor,112754,incoming,Office for the Coordination of Humanitarian Affairs
Various Donor,112754,incoming,Office for the Coordination of Humanitarian Affairs
Various Donor,112486,incoming,ACT Alliance / Christian Aid
Various Donor,112486,incoming,ACT Alliance / Christian Aid
Various Donor,110000,incoming,Relief International
Various Donor,106585,incoming,MEDAIR
Various Donor,106045,incoming,Handicap International
Various Donor,106045,incoming,Handicap International
Various Donor,105374,internal,MÃ©decins sans FrontiÃ¨res
Various Donor,103620,incoming,Samaritan's Purse
Various Donor,103620,incoming,Samaritan's Purse
Various Donor,102525,internal,World Relief
Various Donor,102346,incoming,Concern Worldwide
Various Donor,102346,incoming,Concern Worldwide
Various Donor,101080,incoming,IBIS
Various Donor,101080,incoming,IBIS
Various Donor,100849,incoming,United Nations Children's Fund
Various Donor,100849,incoming,United Nations Children's Fund
Various Donor,100479,incoming,Johanniter Unfallhilfe e.V.
Various Donor,100479,incoming,Johanniter Unfallhilfe e.V.
Various Donor,100000,incoming,World Vision South Sudan
Various Donor,100000,incoming,World Vision South Sudan
Various Donor,100000,incoming,Catholic Organisation for Relief and Development Aid
Various Donor,100000,incoming,World Food Programme
Various Donor,100000,incoming,Office for the Coordination of Humanitarian Affairs
Various Donor,100000,incoming,INTERSOS
Various Donor,100000,incoming,World Vision South Sudan
Various Donor,100000,incoming,World Food Programme
Various Donor,100000,incoming,Office for the Coordination of Humanitarian Affairs
Various Donor,100000,incoming,INTERSOS
Various Donor,100000,incoming,World Vision South Sudan
Various Donor,99010,internal,Community in Need Aid
Various Donor,99010,internal,The Health Support Organization
Various Donor,99008,internal,Rural Development Initiative South Sudan
Various Donor,98775,incoming,United Nations Children's Fund
Various Donor,98775,incoming,United Nations Children's Fund
Various Donor,97762,internal,Sign of Hope
Various Donor,94840,internal,GOAL
Various Donor,92894,incoming,Norwegian Refugee Council
Various Donor,92894,incoming,Norwegian Refugee Council
Various Donor,90263,incoming,United Nations Children's Fund
Various Donor,90263,incoming,United Nations Children's Fund
Various Donor,88864,incoming,United Nations Children's Fund
Various Donor,88864,incoming,United Nations Children's Fund
Various Donor,87460,internal,United Nations Children's Fund
Various Donor,86484,incoming,MEDAIR
Various Donor,85056,incoming,United Nations Children's Fund
Various Donor,85056,incoming,United Nations Children's Fund
Various Donor,84836,incoming,United Nations Children's Fund
Various Donor,84836,incoming,United Nations Children's Fund
Various Donor,84022,incoming,Christian Mission for Development
Various Donor,84022,incoming,Christian Mission for Development
Various Donor,83672,incoming,World Food Programme
Various Donor,83672,incoming,World Food Programme
Various Donor,82434,internal,Private (individuals & organisations)
Various Donor,82237,incoming,OXFAM Ireland
Various Donor,82237,incoming,OXFAM Ireland
Various Donor,80386,internal,empty
Various Donor,80000,incoming,World Vision South Sudan
Various Donor,80000,incoming,World Vision South Sudan
Various Donor,79208,internal,Universal Network for Knowledge and Empowerment Agency
Various Donor,79208,internal,The Health Support Organization
Various Donor,78840,incoming,Pearl of Africa Environment
Various Donor,78840,incoming,Pearl of Africa Environment
Various Donor,78379,incoming,Swedish Civil Contingencies Agency (MSB)
Various Donor,78379,incoming,Swedish Civil Contingencies Agency (MSB)
Various Donor,77515,incoming,United Nations Children's Fund
Various Donor,77515,incoming,United Nations Children's Fund
Various Donor,76203,incoming,Catholic Relief Services
Various Donor,76013,internal,Street Children Aid
Various Donor,75100,incoming,World Food Programme
Various Donor,75100,incoming,World Food Programme
Various Donor,75006,internal,Universal Intervention and Development Organization
Various Donor,73762,internal,World Food Programme
Various Donor,72000,incoming,Kissito Healthcare International
Various Donor,71262,internal,Action for Development
Various Donor,71068,incoming,South Sudan Development Agency
Various Donor,71068,incoming,South Sudan Development Agency
Various Donor,71068,incoming,South Sudan Development Agency
Various Donor,66659,incoming,MEDAIR
Various Donor,65000,incoming,International Rescue Committee
Various Donor,64926,incoming,Handicap International
Various Donor,64474,incoming,United Nations Children's Fund
Various Donor,64474,incoming,United Nations Children's Fund
Various Donor,63340,incoming,Nonviolent Peaceforce
Various Donor,62948,internal,Agency for Technical Cooperation and Development
Various Donor,61866,incoming,Street Children Aid
Various Donor,61866,incoming,Street Children Aid
Various Donor,61378,incoming,Save the Children 
Various Donor,60976,incoming,United Nations Children's Fund
Various Donor,60976,incoming,ACT Alliance / Lutheran World Federation
Various Donor,59836,internal,Save the Children 
Various Donor,59406,internal,Lacha Community and Economic Development
Various Donor,56500,incoming,Real Medicine Foundation
Various Donor,56443,incoming,United Nations Children's Fund
Various Donor,56443,incoming,United Nations Children's Fund
Various Donor,56098,incoming,MEDAIR
Various Donor,56000,incoming,Kissito Healthcare International
Various Donor,56000,incoming,Kissito Healthcare International
Various Donor,55482,incoming,United Nations Children's Fund
Various Donor,55482,incoming,United Nations Children's Fund
Various Donor,55417,incoming,Christian Mission Aid
Various Donor,54795,internal,empty
Various Donor,53988,incoming,Comitato di Coordinamento delle Organizzazione per il Servizio Volontario
Various Donor,53465,incoming,Universal Intervention and Development Organization
Various Donor,53352,internal,Danish Refugee Council
Various Donor,53000,incoming,Catholic Organisation for Relief and Development Aid
Various Donor,52687,internal,ACF - USA
Various Donor,52687,internal,Norwegian Refugee Council
Various Donor,52500,incoming,United Nations Children's Fund
Various Donor,52500,incoming,United Nations Children's Fund
Various Donor,51579,incoming,United Nations Children's Fund
Various Donor,51579,incoming,United Nations Children's Fund
Various Donor,51516,incoming,United Nations Children's Fund
Various Donor,51516,incoming,United Nations Children's Fund
Various Donor,50186,incoming,Qatar Red Crescent Society
Various Donor,50186,incoming,Qatar Red Crescent Society
Various Donor,50000,incoming,World Vision South Sudan
Various Donor,50000,incoming,World Vision South Sudan
Various Donor,50000,incoming,IsraAID
Various Donor,50000,internal,Rural Water and Sanitation Support Agency
Various Donor,50000,internal,OXFAM GB
Various Donor,49835,internal,Lacha Community and Economic Development
Various Donor,49486,internal,Universal Intervention and Development Organization
Various Donor,49300,incoming,ACT Alliance / DanChurchAid
Various Donor,47418,outgoing,United Nations High Commissioner for Refugees
Various Donor,46763,incoming,Handicap International
Various Donor,45494,incoming,Christian Solidarity International
Various Donor,45494,incoming,Christian Solidarity International
Various Donor,45154,incoming,United Nations Children's Fund
Various Donor,45154,incoming,United Nations Children's Fund
Various Donor,44358,incoming,Handicap International
Various Donor,44045,incoming,Danish Refugee Council
Various Donor,44045,incoming,Danish Refugee Council
Various Donor,44000,internal,Save the Children 
Various Donor,43316,incoming,Plan International
Various Donor,42894,incoming,Concern Worldwide
Various Donor,41179,incoming,MEDAIR
Various Donor,39382,internal,Concern Worldwide
Various Donor,38837,incoming,United Nations Children's Fund
Various Donor,38837,incoming,United Nations Children's Fund
Various Donor,38684,incoming,United Nations Children's Fund
Various Donor,38684,incoming,United Nations Children's Fund
Various Donor,36936,internal,Danish Refugee Council
Various Donor,36881,outgoing,United Nations High Commissioner for Refugees
Various Donor,36664,incoming,Agency for Technical Cooperation and Development
Various Donor,36664,incoming,Agency for Technical Cooperation and Development
Various Donor,35142,incoming,CARE International
Various Donor,35000,incoming,American Refugee Committee
Various Donor,32680,incoming,United Nations High Commissioner for Refugees
Various Donor,32680,incoming,United Nations High Commissioner for Refugees
Various Donor,32500,incoming,Samaritan's Purse
Various Donor,31646,incoming,World Food Programme
Various Donor,31646,incoming,World Food Programme
Various Donor,31137,incoming,Comitato di Coordinamento delle Organizzazione per il Servizio Volontario
Various Donor,30000,incoming,World Vision South Sudan
Various Donor,29751,incoming,Impact Health Organization
Various Donor,29751,incoming,Impact Health Organization
Various Donor,29364,incoming,Handicap International
Various Donor,29167,incoming,United Nations Children's Fund
Various Donor,29167,incoming,United Nations Children's Fund
Various Donor,29000,incoming,United Nations Children's Fund
Various Donor,29000,incoming,United Nations Children's Fund
Various Donor,28140,incoming,Peace Corps Organization
Various Donor,26261,incoming,Chemonics International Inc.
Various Donor,26261,incoming,Chemonics International Inc.
Various Donor,25483,incoming,World Food Programme
Various Donor,25483,incoming,World Food Programme
Various Donor,24389,incoming,Swedish Civil Contingencies Agency (MSB)
Various Donor,24389,incoming,Swedish Civil Contingencies Agency (MSB)
Various Donor,23635,incoming,Standard Action Liaison Focus
Various Donor,23635,incoming,Standard Action Liaison Focus
Various Donor,23000,incoming,World Vision South Sudan
Various Donor,22906,incoming,United Nations Children's Fund
Various Donor,22906,incoming,United Nations Children's Fund
Various Donor,20000,incoming,Danish Refugee Council
Various Donor,20000,incoming,World Vision South Sudan
Various Donor,20000,incoming,Danish Refugee Council
Various Donor,20000,incoming,World Vision South Sudan
Various Donor,18809,incoming,Lacha Community and Economic Development
Various Donor,18809,incoming,Lacha Community and Economic Development
Various Donor,16307,incoming,United Nations Children's Fund
Various Donor,16307,incoming,United Nations Children's Fund
Various Donor,16000,incoming,Danish Refugee Council
Various Donor,16000,incoming,Danish Refugee Council
Various Donor,15500,incoming,Impact Health Organization
Various Donor,15500,incoming,Impact Health Organization
Various Donor,15000,incoming,Kissito Healthcare International
Various Donor,14466,incoming,Universal Intervention and Development Organization
Various Donor,14430,incoming,VÃ©tÃ©rinaires sans FrontiÃ¨res (Switzerland)
Various Donor,13805,incoming,United Nations Children's Fund
Various Donor,13805,incoming,United Nations Children's Fund
Various Donor,13726,incoming,United Nations Children's Fund
Various Donor,13726,incoming,United Nations Children's Fund
Various Donor,12509,incoming,Christian Mission for Development
Various Donor,5719,incoming,United Nations Children's Fund
Various Donor,5705,incoming,Christian Mission for Development
Various Donor,3933,incoming,MEDAIR
Various Donor,3826,incoming,Comitato di Coordinamento delle Organizzazione per il Servizio Volontario
Various Donor,3362,incoming,United Nations High Commissioner for Refugees
Various Donor,3362,incoming,United Nations High Commissioner for Refugees
Various Donor,1437,incoming,Office for the Coordination of Humanitarian Affairs
Various Donor,1437,incoming,Office for the Coordination of Humanitarian Affairs
Various Donor,1133,incoming,World Food Programme
Various Donor,951,incoming,United Nations High Commissioner for Refugees
Various Donor,410,incoming,World Food Programme
Various Donor,360,internal,United Nations High Commissioner for Refugees
Various Donor,184,incoming,World Food Programme
Various Donor,123,incoming,United Nations High Commissioner for Refugees
